simulation,t_stat_size,t_stat_value,coef_size,coef_value
0,1.629758004809895,2.6153485829901975,0.18024613497793915,0.2128978056565717
1,1.6286205574194101,2.613922704290911,0.18012672997075788,0.2127618498600543
2,1.6298578732700901,2.614385584425026,0.18025129904118178,0.21281962000083532
3,1.6280085336194876,2.610964727078794,0.18004485332488304,0.21253169047736667
4,1.6295914883346614,2.6136693392031245,0.18023237492461994,0.21275978281231214
5,1.6284524537503258,2.6104169010299554,0.18009570362128968,0.21249003540358744
6,1.6283584676431335,2.6143131713664594,0.18009431793683875,0.21280398770178968
7,1.6288002020846828,2.612442240067003,0.18014427241106865,0.21266333064237367
8,1.628760882732853,2.6117367124636672,0.18012181936099686,0.21258899582834487
9,1.6284290741776948,2.61415111620342,0.18010330760792895,0.21279343026703665
10,1.628022444472336,2.6136391497648606,0.1800416667875316,0.2127496598129773
11,1.6283728058884304,2.613178017226835,0.18008343843444305,0.21271564072258042
12,1.6289931177519292,2.614866180484316,0.1801607359486798,0.21285514953663723
13,1.62887306552688,2.614613108046766,0.18015212130425126,0.2128315851470765
14,1.628169252235671,2.6124926542695452,0.1800570007558103,0.21267216827524374
15,1.6297704883797373,2.6105069728772525,0.18024405230670432,0.2124948710378352
16,1.6278445047864305,2.614872128017267,0.18002886207923954,0.21284947762911335
17,1.629480527071853,2.614977433041427,0.18021147063492665,0.21286756717527197
18,1.6287476186621546,2.6142490366436517,0.18012619979004635,0.2128126449885328
19,1.6303622185680247,2.6135183135780524,0.1803146471458501,0.21273013268386465
20,1.6283909311080822,2.6124832380069685,0.18009106711045664,0.21267030525329741
21,1.6291370773742988,2.613935079985824,0.18017411830028526,0.2127721803937518
22,1.6268304816986079,2.614132079162818,0.17992695854928625,0.21279359013672114
23,1.6293282607642647,2.6125429635169604,0.1801889786976552,0.21265242362787193
24,1.6272575356205945,2.612701991499471,0.17995763493645558,0.21267773342719185
25,1.6272443577575155,2.613297603413983,0.17995388002333904,0.2127290829703557
26,1.6280863607615856,2.6137294994392293,0.18005456752023402,0.21276140554087772
27,1.6290958390279262,2.6120526430638087,0.18017306789183798,0.21263227519669595
28,1.6293063765516427,2.6130370457373977,0.1801900580258045,0.2126947979530011
29,1.63072628085844,2.612654604346699,0.18035439355646943,0.21266218129500175
30,1.629078243187999,2.6135618293602256,0.1801665366556011,0.21274078425689325
31,1.6279696292269872,2.6169774078428154,0.18003942029509312,0.21302706069021538
32,1.6281872150104482,2.612819335441163,0.1800669115116621,0.2126961855108667
33,1.6295614967820122,2.613229800977911,0.18022198261030226,0.21273584582163854
34,1.628197332792905,2.6141144039902637,0.18006912827793942,0.21279352653040962
35,1.6272115278214372,2.6139396946627893,0.17995336957517433,0.21278354597729035
36,1.6297711839965512,2.6132740516103947,0.18024250605464068,0.21270461111894123
37,1.629634723420946,2.6108270002839125,0.1802312345538664,0.21252599349136292
38,1.629048839783081,2.613975101765677,0.180166395285414,0.21279243789329338
39,1.628564515605676,2.613444820318122,0.18009984588136585,0.21275226855578808
40,1.627725622061362,2.612399389826659,0.18002432157453002,0.21266163304429989
41,1.629520601259981,2.6140899454632596,0.18021327982070115,0.21278816204955994
42,1.6292400660088475,2.612752470726495,0.18018549935585496,0.21269377113581334
43,1.6292640873891187,2.614001069274394,0.18019208626514163,0.21276947135022647
44,1.6294517097004644,2.6139229987117085,0.18020755381794026,0.21277145965038127
45,1.6279273879304756,2.6127042165742695,0.18004325373617186,0.21268845206749865
46,1.6301866735812176,2.6118986503649713,0.1802854763598816,0.21260406641511229
47,1.6277781260316817,2.6145386955411656,0.18001182088661383,0.21283131921840107
48,1.6293550275971547,2.61443683965929,0.1802048101039916,0.212831770420854
49,1.6292774132522265,2.6126849200724642,0.1801898264927556,0.2126801977258119
50,1.6281970745081344,2.61311214016291,0.18007169791342673,0.21270092711595504
51,1.6283252401781054,2.612411970066393,0.18007779554567302,0.21264767556133224
52,1.6299068259267315,2.6143592461769263,0.18025762632024608,0.21280712173068445
53,1.6286812295660926,2.6112245207841402,0.1801240217878251,0.21255829883556754
54,1.6296869123457305,2.6150692079174633,0.18022755790704215,0.2128706336213647
55,1.6289637016848153,2.61364348505262,0.18015713472832837,0.2127634758177958
56,1.6280796897715195,2.6119951946760107,0.18005225803600244,0.21260149403311768
57,1.6286734290286207,2.613510703302173,0.18011663214403234,0.21275717243937248
58,1.6281459579844622,2.614600237276866,0.18006614689490844,0.21281635337588178
59,1.628173737392098,2.6144481824778976,0.18005780690247639,0.212821958347975
60,1.6294653678276563,2.6143124014731076,0.18020974169383797,0.2128211325434586
61,1.629227183474705,2.612272522815243,0.18018217755248825,0.2126377467263172
62,1.629455561886654,2.612972716371321,0.18020573777882562,0.2126831274226328
63,1.626748962753878,2.615079454124202,0.17990345844515984,0.21286913493108675
64,1.628028900623566,2.6139112054511915,0.18004018532314497,0.21276699045334702
65,1.6291731466489425,2.6147781103943566,0.1801771053370225,0.21283628727596332
66,1.629200370886488,2.614925839391166,0.18017507261046306,0.21284344416451403
67,1.6294792505060949,2.6137621763285512,0.18021105176902147,0.2127731504805323
68,1.6301409664448487,2.610755326607511,0.18029080790800345,0.2125132620088033
69,1.6298084692162107,2.6125689668005556,0.1802508613927361,0.21267041141365917
70,1.6270348192659718,2.6136660587308254,0.179939406290186,0.2127635771869102
71,1.6285690910537574,2.6132224479534787,0.18010130966038546,0.21271582906942493
72,1.6277293193358806,2.613739154532218,0.18001927551456998,0.21275404284937466
73,1.6309603769995862,2.6124089507517443,0.18037012503294933,0.21264510754344657
74,1.6281569637028457,2.614189976879811,0.18006229407359786,0.21279402766210018
75,1.6284351141629705,2.613623576119683,0.18010208352190754,0.2127568835375171
76,1.627555433773604,2.6130238702305317,0.17999915841103967,0.2126928684441853
77,1.628672661345256,2.6115188056186884,0.18012555656979592,0.21257711529193518
78,1.628139835689388,2.6151622096121643,0.18006582240393104,0.21287711104903081
79,1.6294839068460127,2.612131209679,0.1802147068055196,0.21262493926052034
80,1.6294256458757281,2.6132923342394596,0.18019991625357237,0.21271735759306934
81,1.6287927445302641,2.6126798989191897,0.18013743746304542,0.21267098782235924
82,1.6284121807198713,2.614367900509799,0.18009156593675468,0.2128058535091014
83,1.62892498748222,2.613744546801807,0.1801608136232658,0.21277019112045464
84,1.6294896972287862,2.6121636877445167,0.18021660937037953,0.2126331032824583
85,1.6305567143670467,2.6142120388267074,0.18033832745565187,0.2127929707512737
86,1.6296138562807851,2.6141211896604206,0.18022510339622633,0.21279625472565997
87,1.6280872662078951,2.6126258898813495,0.18006021429171615,0.2126696531645468
88,1.628201920957628,2.615150916463115,0.18007364940958567,0.21288157500781388
89,1.6296567958751254,2.6156950831295247,0.18023951380122752,0.21290077365667912
90,1.6283233129582109,2.612669183788927,0.1800891449723525,0.21267835297853385
91,1.6282991800665343,2.6136950975864335,0.18006992131521088,0.21277067441581576
92,1.6272958729805236,2.612487629287688,0.17996792166144374,0.21265343591531147
93,1.6288724180739569,2.61373285884913,0.18015538735702843,0.21275823207630465
94,1.6283802898624344,2.61413632756535,0.18008490693760873,0.21279822457877004
95,1.6287041481687783,2.6140903523115298,0.18011950870570875,0.21279954296770276
96,1.6279479307975515,2.613967163119695,0.180035054726062,0.21278676854266418
97,1.6282815512755064,2.612673983336567,0.1800765955854892,0.21268583370534658
98,1.6287381810415877,2.6134099869875755,0.18013450104729922,0.21272643924804377
99,1.628563253719108,2.612996144022526,0.18011228584699904,0.21270210944681556
100,1.6276390521042086,2.6132353202799847,0.18001508941625557,0.21271300443371802
101,1.6297049873895877,2.611202590951753,0.18022794903115924,0.21255746167754175
102,1.6288531777760853,2.6134242100418636,0.18014792888488407,0.212731123093335
103,1.6288223568034559,2.6118735539102524,0.18014278848519916,0.21261711103733782
104,1.6290549426070948,2.613553780692073,0.1801622315029654,0.21273718246190634
105,1.6294649991555652,2.6150609987750766,0.18021059653049698,0.2128704920057561
106,1.628274751084265,2.6121565421739428,0.1800751406058268,0.21263046577389175
107,1.6290728446972316,2.6144772177575497,0.1801644986924214,0.2128044224328133
108,1.6292565992577772,2.6138321975962104,0.1801870486143694,0.21278629389462594
109,1.6287937996023887,2.614110771791137,0.1801368573009319,0.21278607990534615
110,1.6272709101363148,2.612607102138105,0.17996719838758105,0.2126770417564016
111,1.6288879908395724,2.612733068838542,0.1801420942365086,0.21268957013048106
112,1.6293321823411886,2.613383791401853,0.18018637690761216,0.21274403029308583
113,1.6287459162715012,2.612150044078556,0.18012772128583796,0.21266232486091757
114,1.6284912692307953,2.611930877126977,0.18010046282188122,0.21260350393406643
115,1.6276616347155788,2.6143082490230682,0.18001322417640206,0.21281331566569456
116,1.6271907587907366,2.6136069249257328,0.17995822162928024,0.2127618284876191
117,1.6284868492335205,2.6112661898893808,0.18011118636758985,0.21256437645778023
118,1.6297204306094883,2.615321981814601,0.18023682619529402,0.21289594411956167
119,1.62833353652862,2.6124496292277946,0.1800912643509265,0.2126603073581982
120,1.6287879360852202,2.614485747069185,0.1801323607297762,0.21282288399440638
121,1.6287823680138958,2.612884273119547,0.18013042426051204,0.2127073762306553
122,1.6302619101913238,2.612442125844914,0.18029736031477933,0.21265812228423628
123,1.6269292713532508,2.6127255695038967,0.17992626767686654,0.2126907264551926
124,1.6283846531497868,2.611829982697814,0.18010206505883067,0.212614233521146
125,1.6291033583228407,2.613586502543754,0.1801764967877753,0.21273883962434326
126,1.6284950965204839,2.613470708483794,0.18010633557574846,0.21272722004894745
127,1.6282585994723138,2.6127927086148124,0.18007722887125976,0.2126756276628376
128,1.6265872107740635,2.6128012257342985,0.17988330925540577,0.21269596398253132
129,1.6273734964826898,2.613227873068204,0.17998245780588545,0.2127120929882789
130,1.6293591420903306,2.6134904164909614,0.1801976313213291,0.2127458173874587
131,1.6280038123333793,2.6129188622267083,0.18005037663344348,0.21269430781638038
132,1.629038686942328,2.6150856344059807,0.18016574145364037,0.21286771733674748
133,1.628845760440701,2.6153043767444477,0.18014823287583173,0.21287875430089775
134,1.62879562345067,2.6132745208970674,0.18013887628325911,0.2127178427515933
135,1.627988454848297,2.6144347153309075,0.18004800006822205,0.21282673058707077
136,1.6283002274446359,2.611520634902523,0.1800754250330196,0.21257067116706885
137,1.6291261773270875,2.6144249712203234,0.18016942131742028,0.2128123128943757
138,1.6282112576209387,2.6123008622797914,0.18006652010980229,0.2126518299061936
139,1.629943901043579,2.612676791684223,0.1802630465981615,0.21268590845820765
140,1.6293045152503622,2.613003957078876,0.18017832078560206,0.21270008335957752
141,1.628840096736361,2.6141142656186482,0.18014267292661268,0.21278533876898323
142,1.6290684927805346,2.6129004271978764,0.18016122000576698,0.21268916512670027
143,1.6281474968057752,2.6129929012605824,0.18006080485954923,0.21271038046364948
144,1.6287652198614202,2.6126156908453764,0.18013093305357963,0.21268779112029806
145,1.626540756559885,2.613722432003659,0.17989072518609794,0.2127722436998485
146,1.628038972018521,2.612893323150039,0.1800497516478135,0.2126953854740936
147,1.627137225118783,2.614053759866059,0.17994183359213078,0.21279254507257653
148,1.629422619110124,2.612531985172064,0.18020949039551923,0.21265623473756923
149,1.628661556033206,2.61186751892007,0.1801270546445658,0.2126032680885078
150,1.6282611144501606,2.6131083197101534,0.18007517871394105,0.2127144098641838
151,1.6300229272583937,2.614310703845661,0.18026282819457928,0.212802769192361
152,1.6275448774763406,2.6120786254409234,0.18000326432673958,0.2126283988062093
153,1.6291626964397328,2.612943434389957,0.18016269789702766,0.2127099368468613
154,1.627983806988275,2.6123687481741995,0.1800456959771715,0.2126467865659023
155,1.628995556489306,2.613092364637061,0.18014545764332018,0.21270542676779053
156,1.6280451056868914,2.6133491490838474,0.1800493595268942,0.212723499672723
157,1.6292723376246243,2.6126384621227268,0.18018373637363877,0.21266657926860372
158,1.6285173831757447,2.613746428074942,0.18010777756007368,0.2127600840918069
159,1.6291395877003005,2.6143996604626003,0.18016368100502805,0.21281467510716107
160,1.6298340275313743,2.6146627939600826,0.1802418342287124,0.21283508285315011
161,1.6281447802829696,2.6139486426989267,0.18005295759605874,0.21278021840114303
162,1.629056478293745,2.611698649841496,0.18016755487185834,0.21258780439008254
163,1.6281550713506399,2.6137899597670167,0.1800680873881232,0.2127843481474202
164,1.626979630686444,2.613788684658935,0.17993333877221218,0.21274891884674563
165,1.6303487264323866,2.612452645979365,0.18030483194565322,0.21265342030640855
166,1.6280783180625344,2.612489788843995,0.18005580912777674,0.2126517073023222
167,1.6288329227769374,2.6138707861728183,0.18014161005960153,0.21276671328065347
168,1.6301153920671825,2.614379851867838,0.18027414999001684,0.21281747304106882
169,1.6276479563260504,2.6134086263394734,0.18000768775255843,0.2127297172698347
170,1.6280804395115724,2.61331142356378,0.18006135036327858,0.21272188888890045
171,1.6289616810213603,2.6138621629569636,0.18015467789085843,0.21278391251335538
172,1.6285685699800883,2.6130730027267344,0.18011052345038375,0.21271673160806376
173,1.6289074892760056,2.613881591267889,0.18015249592575536,0.21276295474820267
174,1.6276841951314156,2.615480521248371,0.18000852006243853,0.21289653435805153
175,1.6298170711291882,2.614396853534706,0.1802585622948645,0.2128142782574512
176,1.6278763022425347,2.6145711810778955,0.18003512353518455,0.21283669880310838
177,1.629188624043661,2.6160427822024097,0.1801788471110113,0.21293584685192107
178,1.6282117509427552,2.613418781496927,0.18007343481768484,0.2127387958686672
179,1.6292030862134883,2.6130065843226107,0.180174965514586,0.21270640884747632
180,1.6296076609399754,2.6138961236767444,0.1802369551524089,0.21279292881586093
181,1.6292316366658952,2.6152059172841815,0.18018560925266666,0.2128837957573647
182,1.6277378213690552,2.6129527837274695,0.1800207246330622,0.21270513870480376
183,1.628890118353144,2.6154618964189535,0.18014257114293014,0.21290644273324338
184,1.6305047303555802,2.6125916596309238,0.18032500223183467,0.2126853528397863
185,1.629710110393748,2.611504694783635,0.18023673785357633,0.21257455459230623
186,1.628043496729239,2.6148111392772218,0.18005687361845885,0.2128560566266958
187,1.6270695810288565,2.614989329149651,0.17995203808856453,0.2128599064939992
188,1.6284148359834558,2.613838568743938,0.18008920113861865,0.21277972116731544
189,1.6283151328674366,2.612910754506384,0.18008485359446846,0.21270129190563578
190,1.627826366722827,2.615931116506341,0.18003578826199929,0.21293117656133506
191,1.6279985123784873,2.614121340275777,0.18004467576290226,0.21279098716573294
192,1.6305681776331875,2.614687982728654,0.18033527497960694,0.21284781787185175
193,1.6277158546477182,2.61210413384376,0.18002813726465836,0.21261084419116713
194,1.6282327526845608,2.6116508685160174,0.18007247508893187,0.21257664131897755
195,1.629257184895285,2.6136918090610144,0.18018552530167495,0.2127332106981032
196,1.6288291668219255,2.6138743105735176,0.18014671127367526,0.21277145060882463
197,1.628756441118991,2.6133702832334764,0.18013814112299575,0.21273597222198828
198,1.6294087050751394,2.6141164853394905,0.1801969294606085,0.21279612031055228
199,1.6281035796276495,2.6130378666551133,0.18005958544154368,0.2127149851325955
200,1.6290947036875254,2.614053750002177,0.18016987590451997,0.21279651222060886
201,1.629104723296383,2.6150590510004137,0.18017143590612608,0.21286009538761855
202,1.6300788098747778,2.6138322717581564,0.1802786674721082,0.2127778783107575
203,1.6294257548021516,2.6130264471343323,0.18020677591099052,0.2126994654102557
204,1.630296662936933,2.6128703977841576,0.18030379037094052,0.2126999181928942
205,1.6288991772144326,2.616512724877516,0.18013962815777634,0.21297068173243766
206,1.626734197560128,2.6133685120810304,0.17990337049292351,0.21273121410487397
207,1.6291422645638884,2.6126608779806144,0.18017214504792617,0.2126817535064632
208,1.6285193735280854,2.6117053550559253,0.1801104305413268,0.21260130663795404
209,1.6279143286577136,2.612397589757823,0.18003588943244342,0.2126469824026061
210,1.6307444410406264,2.6138635047603374,0.1803478429300872,0.2127658184464449
211,1.6284830016723852,2.6134709710954858,0.1800983669673338,0.2127350906589135
212,1.6286690936647317,2.6124112298769524,0.18012342331451972,0.21266785172173452
213,1.6267317311821068,2.6136574573587437,0.1799116488038486,0.21275115019369734
214,1.6280971345911495,2.612757156112801,0.1800562919060149,0.21268419512892994
215,1.6288380716791397,2.6117322395991387,0.18014383644017284,0.21260259211899232
216,1.6292612100361052,2.6146252245431807,0.18019007319859728,0.21284442496402128
217,1.6288613942083263,2.6134910891522143,0.1801411514129461,0.21274852105623487
218,1.6288260705813429,2.612725098307186,0.18013313609365614,0.2126797320207966
219,1.6288622892435596,2.614620675879817,0.1801426097667071,0.21283321362967986
220,1.6288570342543522,2.6123195887163826,0.18015022583868592,0.21264547533144437
221,1.628746781549818,2.6155002953379967,0.18013249278073834,0.21289862509337912
222,1.628503885224497,2.613270941994542,0.18011195079427475,0.21273799356015613
223,1.6285511704897802,2.6128959490142853,0.18010808810391318,0.21270911196286058
224,1.6284144551721695,2.615260031587001,0.18009616528945036,0.2128902982297396
225,1.6312274173508554,2.6126605692046763,0.18040304170703433,0.21267898474320757
226,1.629039796462252,2.613128338388482,0.1801610270596906,0.21271099773334048
227,1.6294564621407275,2.6130785483169907,0.1802060522457861,0.21271221587665598
228,1.6286784950589277,2.6138480933356507,0.18012253789771232,0.21276583947796912
229,1.629555200692145,2.6132258732779645,0.18022305378764228,0.21272581872868634
230,1.6297501145691486,2.61257940643012,0.1802424404905573,0.212680673983308
231,1.6282780075716272,2.614208068156451,0.180069901655715,0.21280978238659415
232,1.6291589179760875,2.6139555594536548,0.18016924046439964,0.2127786162266354
233,1.629072609861486,2.6131961336252774,0.18016088041744413,0.21272088870879585
234,1.630649247123544,2.6136655127575126,0.18033722334780009,0.21275141682790139
235,1.6289951823046873,2.6136360132583727,0.18016552431605587,0.21274296340962762
236,1.6299736886327851,2.6144206592320236,0.1802625345529895,0.21281278799333048
237,1.629531231363814,2.613661223923494,0.1802165734658944,0.2127409214654301
238,1.6266923445283938,2.612825840625703,0.17990491885784674,0.21268059998570915
239,1.6281425781055394,2.6142504313759565,0.18006348141696818,0.21280295958540157
240,1.628317355952777,2.612702229507073,0.180079681807174,0.21267993163915394
241,1.6284533532698207,2.6139314308586883,0.18010063283974811,0.2127681458761667
242,1.6294083413367422,2.6129463651930553,0.18020188744586313,0.21269644990107725
243,1.630204998900218,2.614124175979237,0.18028802154150567,0.2127972035173333
244,1.6299819666440414,2.613477250070011,0.18027045650697152,0.2127357134936919
245,1.6276349114355326,2.6136960102702047,0.180010956590458,0.21275071561249875
246,1.6286409394833303,2.6142305399332906,0.18011516216838347,0.2127999174521801
247,1.6294064453479196,2.6126297350982655,0.18019860978965635,0.21266861167755358
248,1.6300766740370067,2.6114237045751603,0.18027539877770843,0.21259265781393713
249,1.628344685533131,2.612868140832722,0.18008035066928318,0.21268673425430154
250,1.6285812327741602,2.6149629708896875,0.18010821538626387,0.21285237076216018
251,1.630061104922372,2.613233731035173,0.18027007723361377,0.2127101823611436
252,1.628754015390231,2.6139285246373705,0.18012680692785246,0.21276685041968996
253,1.6294983628379371,2.6114627752839046,0.18021040847109276,0.21257484618522232
254,1.6293467454471433,2.612718823059216,0.1802001409294049,0.21266583797327754
255,1.628879176552861,2.614332677703942,0.18015380174552048,0.2128103317159763
256,1.628446567247748,2.61442908514717,0.18009798445031905,0.21281109132270268
257,1.628392250686947,2.6125118292492844,0.18009174589824295,0.21263933206828586
258,1.6284766093248348,2.6149116911430843,0.18009899690880293,0.21284506699509756
259,1.63012201455538,2.6126573918900036,0.180291318846611,0.212669423981755
260,1.6298555984143246,2.6136805470215254,0.1802474583877739,0.2127674058080039
261,1.6272145462752592,2.614244949542119,0.1799520701965603,0.21280408099721904
262,1.6286456865335985,2.611910929136367,0.180126363553911,0.21260754482844565
263,1.6286795873050925,2.6145443651189555,0.1801177878664897,0.21281648052761193
264,1.6284900894149303,2.611826732270136,0.18010478771268582,0.21261615087094468
265,1.6277727522758616,2.6139941803105864,0.18002775227195716,0.21277085389932907
266,1.62860543052642,2.613848270622971,0.1801157809314324,0.21276961141311562
267,1.628837700318094,2.611386549794895,0.1801387891685989,0.21256305610876633
268,1.6276911513110044,2.6144051183078543,0.18001836293383983,0.21282189459279835
269,1.6282696478918453,2.6133071436030684,0.18008824573880874,0.2127234477398314
270,1.6292561309107503,2.6155784203351167,0.18017509988463337,0.21290274465146436
271,1.6294997770974111,2.614088778802534,0.18021717202608906,0.212791925472153
272,1.6287437694952045,2.6155079104722736,0.1801293234799655,0.21289629976133842
273,1.6303638981226873,2.613421572754089,0.18030395839582328,0.21273173793438738
274,1.630708085637202,2.6134428625290678,0.18033844223328857,0.21272869662368332
275,1.6285514698221002,2.612584658511566,0.18010964393004655,0.21267396809445438
276,1.628800341911047,2.614438613654544,0.18013397434644454,0.2128238871513969
277,1.6291230730962016,2.6143492971196123,0.1801718382161415,0.212797303496709
278,1.6269183995466112,2.6125304290587703,0.17992929846295425,0.21267699872657897
279,1.6281224987709582,2.61253402091568,0.18005658190206605,0.2126632361399967
280,1.6300168832047432,2.614603230161496,0.18027642590436513,0.21283991797602314
281,1.6290281308056938,2.6119055634739436,0.18016234031776734,0.21262282768931454
282,1.6299713927638444,2.6114878474285943,0.18026130453870454,0.2125841774311319
283,1.6297523688825228,2.614658361648151,0.18023674342486312,0.21283823220699705
284,1.6279775702487627,2.612933433194787,0.18004101290660618,0.21269577567301576
285,1.6298670061597116,2.6139900939652256,0.18025631886188248,0.21277925699739705
286,1.6300148894360593,2.612705668521508,0.18027482570905154,0.21267712025600366
287,1.6298998381840648,2.6149324750075404,0.1802639923417276,0.21286012819058242
288,1.6285311984569122,2.6135823333182593,0.18010776233203865,0.21273456975273977
289,1.629318459298039,2.6129830351140764,0.18019266612043414,0.21270860875013897
290,1.629169286603728,2.6115057393311916,0.18017228723837558,0.21259494977684262
291,1.6289323696615583,2.6132417281224947,0.18015565466601094,0.21273146599329537
292,1.6288564530842478,2.6148672636529895,0.18014010846782152,0.21286308088265382
293,1.6291167773327888,2.612608728742206,0.1801771166131151,0.21267561337665083
294,1.6284663988773214,2.614922327381124,0.18010447583510683,0.21285191729517722
295,1.6290060565398137,2.614149342002547,0.18016636978340536,0.21278350445097233
296,1.6290423850315774,2.614788475091457,0.18016884473227185,0.2128579344100467
297,1.6277102940554804,2.6134043648173,0.18001312301900102,0.21272852273431575
298,1.630025884006488,2.614079272674956,0.18027058656398967,0.21278726658742841
299,1.6289648353309472,2.6136316304343477,0.18015835134645217,0.21276539477076334
300,1.628959732407026,2.6132523500134153,0.18014589024346964,0.21271683452517848
301,1.626702283408356,2.6115988708737476,0.17990098900239124,0.21259429645972844
302,1.6284278963625753,2.6138822961469494,0.18009177962318892,0.21277860886685762
303,1.6293791668775717,2.6151545753868497,0.1801953295311527,0.2128786646353737
304,1.6282918463913363,2.611100052108915,0.18007889169348162,0.21254073699352666
305,1.6287292326007463,2.61302453675484,0.18012640366072877,0.2127015235375972
306,1.628291153033584,2.614372574716269,0.18007624214463663,0.2128375664667561
307,1.6298766991291047,2.614628963388072,0.18024738678555755,0.21283399717091675
308,1.6290037074621702,2.6126147701553335,0.1801541741783008,0.21266635465103273
309,1.6292241063902633,2.613780862466719,0.18017747446585625,0.21276862222402065
310,1.6282235769712552,2.6147529637673923,0.18006424242321262,0.21283911511107528
311,1.628905108577199,2.611230644506509,0.18014742740325623,0.2125560828195304
312,1.6296844922273106,2.614185547684873,0.1802384809876262,0.21279964680792435
313,1.6288191145501858,2.611331477577006,0.18014208887030866,0.21255695195566016
314,1.62921232518921,2.613693299279242,0.1801815234136091,0.2127640533293431
315,1.6289594791411441,2.612452057613797,0.18015524313694198,0.21265960201991993
316,1.6280105571218197,2.6116233176174624,0.18004973408175,0.2125895938991748
317,1.6283717033080318,2.6127401096943346,0.18008862444078763,0.21267968595908315
318,1.628220041578647,2.613580141643491,0.18007147762856085,0.21274840294083364
319,1.627408046714586,2.6145158147601437,0.17997837934363772,0.21282626575100452
320,1.6284815761377742,2.610022960473859,0.18010054735949046,0.2124445764302997
321,1.627014390357195,2.613652914619998,0.17994378044751777,0.21274714154775767
322,1.628642781493903,2.6122849929465586,0.18011390930109797,0.21265687401339353
323,1.6286626091619267,2.6142448074678493,0.1801196586509193,0.21280346227046884
324,1.6286840774319031,2.61378459130897,0.1801208939372621,0.2127737719844217
325,1.6279596826868572,2.613172268530178,0.18003400313045922,0.21271256721435797
326,1.630670562231419,2.6114881363146916,0.18033307654125358,0.2125880946929795
327,1.6294684203523864,2.6139995378953067,0.1802143004216199,0.21278562809772233
328,1.6293079027781912,2.614272432219132,0.18019432955358677,0.2128099725697412
329,1.62876577767199,2.611304465727592,0.1801243094650714,0.21256036187758728
330,1.6284304895997914,2.6146011096662822,0.1800967092284544,0.21283836139114803
331,1.6291652911929748,2.6131213859674034,0.1801739856820709,0.2127232504403598
332,1.6296490757712379,2.6149879596498935,0.18022665768817658,0.21286912368118208
333,1.6284935255977888,2.6127992772999638,0.180105465460569,0.21267291544388883
334,1.6275972177082016,2.612555793287047,0.18000100530500987,0.21266128570930057
335,1.6299698913847145,2.6153210127910476,0.18026788308283997,0.21288698173073242
336,1.6295586832149556,2.6128915631335405,0.18022044708047735,0.21269616948666328
337,1.629617982583379,2.612943644629019,0.18022989323423785,0.21269090534709367
338,1.628254345520221,2.6155604204420517,0.1800758520716022,0.21292805930361472
339,1.6299369871428424,2.6142522722689927,0.18025714039004911,0.2128009533292845
340,1.6287531674404145,2.613269800882569,0.18013569726128983,0.2127152559506876
341,1.6280325759812841,2.6122376262048053,0.1800489592068466,0.21265494495667567
342,1.6287878577910853,2.6132855591312594,0.1801374068852055,0.21272148599210133
343,1.628160699254786,2.613864348294553,0.18006321133618622,0.2127848781849286
344,1.6286149608045628,2.613964601329703,0.18012092191612322,0.2127722401523427
345,1.6287201826016866,2.611889014468218,0.18013357707208705,0.21261874182086712
346,1.62830514579729,2.613815689608147,0.18009105751772606,0.21276616436444382
347,1.6274924760856428,2.6142476590766845,0.1799864528097253,0.21279374731845493
348,1.6285274370026481,2.613622450255674,0.18009750375941252,0.21276489463050346
349,1.627342104016799,2.6139257488140593,0.1799709106098233,0.2127900642099027
350,1.6293142595896135,2.615270971726417,0.1801876649950414,0.21287920999218915
351,1.628126362837756,2.612113284954061,0.18006819662196782,0.2126262914042234
352,1.6294047818390778,2.613567245518738,0.18020103560106712,0.21274181942647125
353,1.6276792166914051,2.614923694232937,0.18002436815078812,0.21285053129996653
354,1.6283251085046908,2.614057497905367,0.18008924186303513,0.21277811806981048
355,1.627971247720632,2.6137309379120626,0.18004591846783954,0.21275897178090614
356,1.628603041929493,2.6122037577911015,0.1801191890635853,0.21263222164334158
357,1.6299903716965234,2.6118857111189024,0.18026422872657707,0.21261040414354127
358,1.6277457870578127,2.6143053296728103,0.18002491970694004,0.21281511542395712
359,1.628208184637146,2.6151582198036585,0.18006805833091719,0.21287117381816598
360,1.6281975818461119,2.6140663189450852,0.18006221505681758,0.21278052698576608
361,1.629929235335502,2.613370022198674,0.18026427470127457,0.2127470650132102
362,1.6294643391705095,2.615710667207789,0.18020818716465217,0.21292129041122876
363,1.6296322955955516,2.615811295634107,0.18022610745099119,0.2129289393604838
364,1.628804644218851,2.6155539294613153,0.18013494896886062,0.2129011255136532
365,1.6291480145051815,2.6158724426497275,0.18017746936889725,0.21293185100586656
366,1.6283438272065411,2.6116518392811283,0.18008065653923166,0.21260831349705747
367,1.6283444105866005,2.613272335673478,0.18008561021636824,0.2127251833662302
368,1.6296753910076687,2.611296682285703,0.18022063233818408,0.21256859881019224
369,1.629951012047759,2.6139678108307796,0.18026094210842747,0.21277248953019118
370,1.6280408020228463,2.612879262133849,0.18005165621509006,0.21268855895809183
371,1.6287482956299546,2.6123439667255526,0.18013532056526724,0.21266093278376888
372,1.6282961172351147,2.6106145315696767,0.18008724011919874,0.21251456064587995
373,1.629180142991487,2.611297096123221,0.18017705413092938,0.21257577536062772
374,1.62804334251715,2.6141028814078724,0.1800514294528953,0.21279593638510813
375,1.6297737346926717,2.6129808688578304,0.1802488753926202,0.2127116253357072
376,1.6289151282490197,2.6140038914778154,0.1801502948764412,0.21277415784000164
377,1.628820030285924,2.6141447750496196,0.18013023383077356,0.2128062883284313
378,1.6281118131383605,2.614163509041127,0.18005813206883492,0.21279708440908582
379,1.6283732869181236,2.6124948039522056,0.18008757872475897,0.2126638921592497
380,1.6287744082413775,2.6143316956466576,0.18013330264682137,0.21280512010877123
381,1.629068448490389,2.6116701618397284,0.18016803584799176,0.21260720161185004
382,1.629041093161028,2.613162577868558,0.18017146145442542,0.21271251616083928
383,1.6293257884609564,2.6148465670329526,0.18019877710998558,0.212863859449248
384,1.6298559104692727,2.6125735509263803,0.18025832775118805,0.21268769719452033
385,1.6294422718306565,2.615003614448604,0.1801986253770175,0.2128712131713134
386,1.6289955003796752,2.6147106538942704,0.18014859228201924,0.21285105135950239
387,1.62866228168543,2.6138881529046576,0.18012427437634923,0.21277605091465313
388,1.628888014507882,2.613711219672888,0.18014814858968276,0.21275921411540058
389,1.6287284882518043,2.6117490641321592,0.18012638031159864,0.21258929585168446
390,1.6285024341154797,2.615147181553291,0.18011189400068658,0.2128629170908436
391,1.6285912215393124,2.6146436668190427,0.18012037864837793,0.21283793534099923
392,1.6289644906090914,2.6129765590069254,0.1801601605026862,0.21269173514009893
393,1.6274478039178835,2.613050511484105,0.17998995178325042,0.21270850444225323
394,1.6292293515578948,2.6117985095626723,0.1801833365881222,0.21260938138985727
395,1.6288694537180197,2.6137653605482485,0.1801464236312932,0.21276095216767762
396,1.6295381420770887,2.6148036552253067,0.18022215739789152,0.21283739452872055
397,1.6278989569840125,2.6147341709513667,0.1800392959528232,0.21283880099338648
398,1.6286372338471853,2.61287887460636,0.1801184572676628,0.2126929260907963
399,1.628831070239741,2.6131311365519343,0.18014853262364763,0.2127067484015387
400,1.6282638574978527,2.6136793094169284,0.1800729215230222,0.2127572291747198
401,1.6288398445380927,2.612672089041948,0.1801363193325242,0.2126696866970394
402,1.6282120354385634,2.6154765519920895,0.18005997719681452,0.21287965719802862
403,1.6287018432638574,2.6137343715999743,0.18012610019104244,0.212772659127994
404,1.6292145945641205,2.614524024172173,0.1801829843504652,0.21281873226471815
405,1.6276920296221045,2.6138594484685367,0.18001370345447001,0.2127783277806944
406,1.6289190715199997,2.6136374714729986,0.180152397187344,0.21275900727489946
407,1.629317461173773,2.6137488452413282,0.18018796237520499,0.21276970469166234
408,1.6290500714342893,2.6138758443416363,0.18016616180753608,0.21276899994217804
409,1.6292412899452122,2.6129392707002235,0.18018793250231233,0.2126898745549514
410,1.6292736694086483,2.613063306265131,0.18018801766542086,0.2127066309351335
411,1.628655721982179,2.613518073537549,0.18012142396317815,0.21274379303816884
412,1.6293832343377468,2.613872155989016,0.18019594501214597,0.21277942482688827
413,1.627764645832611,2.6131380117729752,0.18002626399073227,0.2127227823239556
414,1.6283988417369568,2.6138500669162403,0.1800982373993735,0.21277008239662873
415,1.6293066344061493,2.61452822936683,0.1801906757760142,0.21281149035255112
416,1.630325163596078,2.6132652498820885,0.18030313153003394,0.21271943589913372
417,1.6284735648756608,2.612890742377432,0.18009634429156482,0.2126937379447405
418,1.6281995729780738,2.6135481861134684,0.18007328795033953,0.21275642302953043
419,1.6294721340938638,2.6134936810272746,0.18020684900925182,0.2127211557935022
420,1.6295761619605837,2.6133999478247047,0.18022528622965225,0.21273721418911812
421,1.6283665207876745,2.61288582992943,0.18008956129103293,0.21269569812713907
422,1.6287824099797443,2.612956017965942,0.18012769085290395,0.21269649164015897
423,1.6300406433890469,2.611427722050508,0.18027738331678447,0.21257462089107218
424,1.6294514632693329,2.6135177045041327,0.18021215750572742,0.21275272905103126
425,1.6288625600645834,2.6145890076539495,0.1801399074841048,0.21283304860198063
426,1.628121358286108,2.613409602667802,0.18007266099595323,0.21272328563580986
427,1.628992705558271,2.6126841783481995,0.18015525257953055,0.2126867016630292
428,1.6276345063253121,2.615460069265991,0.18001069444346185,0.2128966888921984
429,1.629341506068957,2.614868623538896,0.18018979273295313,0.21284599822837458
430,1.6280326884654526,2.6133373895373686,0.18004893900454594,0.21273647396713902
431,1.6290757735473185,2.611355126998818,0.18017134784894218,0.2125642494689476
432,1.6304046100874305,2.613539663401513,0.18031722607903483,0.21275620336404388
433,1.6295293402051243,2.61308617313051,0.1802180561929968,0.21270324380070904
434,1.6284170726006624,2.614825726120953,0.18009083789349514,0.21284329027538168
435,1.6282897126267646,2.614501052998399,0.18007613917107104,0.21283336196232538
436,1.6278795162045923,2.613430900802482,0.18002184855032333,0.2127356663616638
437,1.6285112360823595,2.615183775725322,0.1801126148969966,0.2128763977748217
438,1.6297749878633685,2.6133986619900362,0.18024722261376652,0.21273918924191954
439,1.6283136980842996,2.6129932109066614,0.1800802204628736,0.21271395578324606
440,1.6303820264243036,2.6133218138405345,0.18030829615842867,0.21272736143959273
441,1.6285658097132951,2.612087708029038,0.18010650180032486,0.21261967365628703
442,1.628932023167813,2.613577132354931,0.1801447430803669,0.21275203310659427
443,1.6288392427236982,2.6133979023141736,0.18013223413166077,0.2127417524847634
444,1.6284846903206585,2.6148399437293137,0.18009876687987014,0.21285690641905328
445,1.629590947845091,2.613864651372792,0.180224214242479,0.21276881073919152
446,1.62912036602262,2.6146325058417488,0.18017104586298088,0.21283721868095487
447,1.6303007790441328,2.6138929431370075,0.18030259213739325,0.2127834512769778
448,1.6286236893284636,2.6138762141338665,0.18012014263517565,0.2127762177364868
449,1.6285169622735451,2.614940615994456,0.18011333706290739,0.21286874602353006
450,1.6281334146056063,2.613056228470874,0.1800635778913169,0.21271033365540118
451,1.6277628212480513,2.614146931545738,0.18001835066503905,0.2128021513724923
452,1.6286875095479636,2.6140524004250323,0.18012392847557132,0.2127794752723458
453,1.6277767287541705,2.6129077407918797,0.18001545497564064,0.21269357914046735
454,1.6292791190932696,2.612245474031232,0.1801843787798464,0.2126491180238022
455,1.6286551487911196,2.6140857156305257,0.1801196745667414,0.21277953393030757
456,1.6288534967228798,2.612536577934167,0.1801470887572474,0.21266805334854694
457,1.6293984967479391,2.61279996034073,0.1801961914562534,0.2126755321496793
458,1.6263724065300182,2.613696612165615,0.17986605199967784,0.21275286631822454
459,1.6279798722343448,2.614469143986705,0.18005577424558275,0.21280830412216412
460,1.628905025121738,2.612807777607722,0.1801456336699158,0.21269024810758266
461,1.6285378177261745,2.6148880486923973,0.18010520260579413,0.2128500222784916
462,1.6295480441484285,2.6136848938732924,0.18022948269344513,0.2127506015449322
463,1.629005610014516,2.615174927625843,0.1801624273264038,0.2128649265147907
464,1.6286929446767777,2.6122954674377756,0.18013044785057913,0.21264597153941336
465,1.629120607243262,2.6152146987246168,0.18017937132942505,0.21288651699149494
466,1.628675648440359,2.6140537582630348,0.18012430510598337,0.2128018623044581
467,1.6289051817124895,2.6145395155380085,0.18015638894300673,0.21283233463844173
468,1.6301959308599467,2.613871039632048,0.18029131063359993,0.21277595939212168
469,1.6305447677211569,2.611809285385475,0.18031794531853726,0.21260953794330922
470,1.6292458559005003,2.611802832626794,0.18018159027118769,0.21261117737306529
471,1.6295393841218508,2.6124228523579163,0.18021968034635247,0.21265318760468
472,1.6281566262286076,2.6122480379696458,0.18006286081680398,0.21264393273266124
473,1.629549253973578,2.614010382716469,0.18021016404953485,0.21277458077060557
474,1.6276853205285797,2.6145230811169506,0.1800022682619725,0.21281733710595097
475,1.6285816189340727,2.6118765278125062,0.18011852426370517,0.2126099741197905
476,1.6284280987740332,2.612344371949273,0.18009701880558052,0.212648228062641
477,1.6282812086608198,2.6133354700791362,0.18008003321196261,0.21271492958071678
478,1.6298916018352967,2.6125985565380327,0.18025478338151063,0.21266151154710466
479,1.6283907282798211,2.613347684698699,0.18009229853438702,0.212725080716843
480,1.629331248119898,2.6142570096742124,0.18018691149373137,0.21279963799769422
481,1.6284916311082798,2.6126664584729182,0.18010094170585575,0.21267750578701625
482,1.6285108188134227,2.6139647413852463,0.1801079068070542,0.21277044365545336
483,1.6282276004748448,2.616053743417513,0.18006981659920857,0.21294079999251306
484,1.6285873054729088,2.614620077677801,0.1801095893183871,0.2128248645413435
485,1.6289331287687698,2.612937224679963,0.18015010140965965,0.21272040559548508
486,1.62968660040078,2.6129830405036936,0.18021845825946986,0.2127094204216346
487,1.6277600713356684,2.6150434689342874,0.18002030389103577,0.2128669650980329
488,1.6280501536909011,2.6149002712697937,0.180051863659291,0.2128652506678912
489,1.6287437757913008,2.612081061689857,0.18014152177874024,0.21262011648672932
490,1.628731980521809,2.6144301939667316,0.1801188406593264,0.2128151818769434
491,1.6307922089043305,2.6124310610620802,0.18035290668204504,0.2126655987573841
492,1.628462874658345,2.6123994590113133,0.18009833692998023,0.21263870162086673
493,1.628784586314824,2.6103117702811716,0.18014250454542433,0.21247787880058433
494,1.6276675753146383,2.613945234583702,0.18001051460416506,0.21278699798355713
495,1.6289680435880594,2.6146473978506797,0.18015963649841724,0.212841587122201
496,1.6280485616682394,2.6128556207095275,0.1800489479324833,0.21268879212849975
497,1.6290916595622604,2.613315553802509,0.18016844828445103,0.21272930072551866
498,1.6288559825466984,2.61406674720096,0.18013844964640474,0.2127812081769055
499,1.627805757808571,2.612916039923454,0.1800292466884556,0.2126879939772942
500,1.6279986385888379,2.611559184141976,0.1800512308191861,0.21258457203805806
501,1.6289196394351864,2.614213960883924,0.18014430156309283,0.21280486386609238
502,1.6292241705445294,2.6131864524089723,0.18018218871424643,0.21271959378774477
503,1.6289355227622626,2.6123410863682657,0.1801522383973421,0.2126551641043019
504,1.6301100810764817,2.61428792422973,0.18027946307949452,0.21280236254109322
505,1.6286362275725166,2.611810292037114,0.1801152116810424,0.2126002915732801
506,1.630224621729731,2.612916088460001,0.1802929319717097,0.21270451185706074
507,1.629872864498296,2.6135462401226013,0.1802513519398348,0.2127396547444517
508,1.6281212304178625,2.615168806364271,0.18006578095452058,0.21287037600712033
509,1.6281181778867013,2.614035474879291,0.1800685421118913,0.2127657145900796
510,1.6295180033275667,2.6129588713326,0.1802165163005474,0.21270915685730282
511,1.6280878254956928,2.613456594917856,0.18005714663085126,0.21273166309021424
512,1.6276969281025666,2.6128382499451503,0.18001035693707546,0.21269409938301845
513,1.628193984021706,2.614131553461671,0.18006706008551573,0.21279329038918884
514,1.6279168348399684,2.6124844900368176,0.1800426786243686,0.21266198401876618
515,1.627457671443319,2.613348658740675,0.17998181192151122,0.21272014585119453
516,1.629127863191265,2.614221761916586,0.18017052828235774,0.21280351473146733
517,1.6289175157728268,2.6157214090340077,0.18014155369325918,0.21293814695093685
518,1.6282331125421798,2.612088063447738,0.18006982849225858,0.2126319844238127
519,1.6281821932843588,2.6124479465676256,0.18007067657230738,0.2126454568394921
520,1.6283141598900555,2.615912657878992,0.18007857928516657,0.21293294195374377
521,1.6290206109330199,2.613682446077199,0.18016146556888055,0.2127628124551024
522,1.6292829184149873,2.61395476377123,0.1801920083705535,0.2127996185342519
523,1.6283900865562573,2.61197036560851,0.18008905041352466,0.21260202640762693
524,1.628044891537656,2.6140982950849296,0.18005588273702505,0.21278834690363538
525,1.6283596699214897,2.6141488944492757,0.18008530227725422,0.21279313686968504
526,1.6289105556534857,2.6145165576434266,0.18014703949648386,0.21281894876702215
527,1.6288859988232778,2.614014539592198,0.18014770945277683,0.21280069514588365
528,1.628534001653348,2.613913096026969,0.18010766247469082,0.21278356595829748
529,1.627686374749058,2.6120714123272544,0.18001332856023497,0.21261868335163867
530,1.6278047198317747,2.6151775859333477,0.1800339425591395,0.21288844459575165
531,1.6291344441195217,2.611912472181427,0.18017681008599537,0.21261331122757507
532,1.6275958304060425,2.612746140571509,0.18000116211934128,0.21268012993639185
533,1.6283530851728074,2.610904306605179,0.18009084017769347,0.21254175064433306
534,1.6281254468088031,2.612829171012922,0.18006148562739874,0.21269405321808468
535,1.6293535524186602,2.615393367226046,0.18019321799062285,0.21290867561974788
536,1.6303397821787426,2.6132721493664954,0.18030395006335664,0.2127050739345276
537,1.6292908211506811,2.6150282700630036,0.18019142800717694,0.21286423322728026
538,1.6278550065120607,2.6122791666054193,0.18002952215743553,0.2126454139963324
539,1.6293098908492898,2.6135870270181063,0.18018294420044434,0.21274380549247043
540,1.6278917993793744,2.6112297706879026,0.18003480447512382,0.21254295225690764
541,1.6275814745859825,2.613518982656174,0.1800012863036011,0.2127425960275992
542,1.6286989555572107,2.611861230933247,0.1801257402568434,0.21260958141782216
543,1.6287061784850645,2.6113141788724588,0.1801315973074668,0.21256447972974946
544,1.629274430458407,2.612800667619901,0.18018458243750815,0.21269153870732807
545,1.6285640626135565,2.6137878214171955,0.18009812881616005,0.2127639644830773
546,1.6294526269402154,2.6143642408524492,0.18020791867225078,0.21280269942852129
547,1.6287591563631556,2.6125383134119224,0.18013041157143242,0.2126617119510659
548,1.6292897013471854,2.611930656289476,0.1801823861144655,0.21261592852095493
549,1.6286931274783247,2.6142355183511103,0.18012446459128043,0.21279523558856994
550,1.6272313900302067,2.611419532061612,0.17997243562943935,0.21255726043008882
551,1.6286695050695206,2.6130836426623962,0.1801166719468219,0.21273117663519261
552,1.628928883395799,2.614854058035314,0.1801528336358465,0.21284020226841158
553,1.6308587930123504,2.6142444935844678,0.18036049706799748,0.21280424869798684
554,1.629142813993482,2.613040208416163,0.1801623635241048,0.21270232360409033
555,1.629627388374962,2.612476925878287,0.18022825418294547,0.21266790306642364
556,1.6285881700987972,2.6124375230313457,0.18011703126035428,0.2126832832450232
557,1.629318385472219,2.6147835298527795,0.18018801947818833,0.21283565953981262
558,1.6286190151757811,2.6146751106578496,0.18012067528730716,0.21283597236784893
559,1.6280722134608696,2.6137916370148218,0.18004917996723796,0.2127709260620973
560,1.6292589195046658,2.6142389872991263,0.18018648734018683,0.21281452820380134
561,1.6300070308172057,2.611695077673896,0.18026693366429125,0.21260305242264774
562,1.6282210106558275,2.6156962247197106,0.1800707174106966,0.21291262755031726
563,1.6273320483016434,2.613981732488711,0.17997519516734947,0.21277837731078475
564,1.6288113713121342,2.614190702697749,0.1801404591039475,0.2127976986419307
565,1.629746821175353,2.6136419085257936,0.18024806499067808,0.21275779425086788
566,1.6289942622205964,2.612236954375334,0.18015200131621928,0.21262974010869212
567,1.6304638802215803,2.6120149989956296,0.18031035003683996,0.21262602791087343
568,1.6278554549308428,2.613935975787091,0.18002500904189625,0.21279051358142137
569,1.6274964718486498,2.6136944287742594,0.17999234601962777,0.21275481577476862
570,1.628834743542842,2.614080932353581,0.18013830734905034,0.2127928104539575
571,1.6295514640393005,2.6141282942833306,0.1802169532966942,0.21279179600255285
572,1.6285778747141262,2.6136387017796614,0.18011248553312717,0.21275700584210686
573,1.6280399627746036,2.6148439788525497,0.18004972221416704,0.2128560306401567
574,1.6276443690872628,2.6120031347170536,0.1799930743013962,0.21262695964073133
575,1.6284474736578283,2.615800099306851,0.1801031123381068,0.2129311923893125
576,1.626486438004795,2.6114624851121224,0.17987902629208719,0.21258446611208281
577,1.628819472085598,2.6147897213419444,0.1801356442140744,0.2128611242387136
578,1.6295243966825381,2.6118553740034853,0.18021998023594135,0.21261300382369258
579,1.6299312480954862,2.614055667809355,0.18026162391651124,0.21277807322590886
580,1.6278658881842434,2.613268676195984,0.1800281347297847,0.21272028434550466
581,1.6286711488583172,2.614117867472755,0.18012991039487936,0.21279316714711563
582,1.6282830028933855,2.612930351232814,0.1800883809787848,0.21268559926522265
583,1.6306250973872753,2.61176499716076,0.18032844396371722,0.21260907600726844
584,1.6277310703562295,2.6132364989085572,0.18001612171950515,0.2127297397666374
585,1.6295203037628896,2.611467484018024,0.18021213438763858,0.21258086278597652
586,1.62818192415787,2.612116931813916,0.18007874373928362,0.2126305519806091
587,1.6278728053028173,2.61306769864509,0.18003697714778436,0.21271603044172777
588,1.6284499037822069,2.612403986556234,0.18009759038680126,0.21265631989146494
589,1.6294882229259309,2.612624257563649,0.18021342358477827,0.2126744833189079
590,1.6285212488231786,2.613505625767027,0.1801013510891035,0.2127370546078431
591,1.6281439886283884,2.6132847625046534,0.18007797231394868,0.21273206877611384
592,1.6279680818603741,2.6137883563822033,0.18004334078520884,0.21276254744092482
593,1.6286175737367132,2.6137399768046703,0.18010957597404842,0.2127396404073144
594,1.6287279791243854,2.6133365861367337,0.18012557694385783,0.2127359408440474
595,1.6286796525125515,2.6126253418795873,0.1801217028716853,0.21266005280360953
596,1.628815912587851,2.615616849367309,0.1801352046594035,0.21291560147729993
597,1.6291602746800937,2.6125883505566225,0.18017220097128148,0.21267390728994914
598,1.6291358812353367,2.614342660243128,0.18017734931932655,0.21281753476776324
599,1.629075179586611,2.6129292882792514,0.18016657399016897,0.21269247475119302
600,1.628712860388005,2.614240570575633,0.18012426886827693,0.2128126982329434
601,1.6289286769529854,2.61299452735595,0.18015500930285036,0.21270941208549185
602,1.62915835097447,2.6143060813586647,0.18016930751909885,0.21281528394411445
603,1.6279524352693269,2.6140374392006267,0.18004222999259714,0.21278793255059764
604,1.628562659347231,2.6147056337460617,0.18010577219555182,0.21283188073807985
605,1.6286660768450223,2.612166784910959,0.18011924593059608,0.21264145298116927
606,1.6295632713449444,2.6129284935360237,0.1802241502060093,0.21269976131723786
607,1.6277740089162454,2.612955924714661,0.18002593734332195,0.21268588341029093
608,1.628845458904502,2.613259584928443,0.1801417822221612,0.2127130246939735
609,1.627462508534598,2.61346827953837,0.17998577862940549,0.21273487141667094
610,1.628638537165764,2.6129648635694585,0.1801171487080592,0.21269206666603438
611,1.6284664530212325,2.611279309163843,0.18009731997483727,0.21254807482892807
612,1.628921344081872,2.6137207970600715,0.18015147982109955,0.21274592961489874
613,1.6288169962159127,2.61226166826326,0.18013948566407664,0.21262672915794611
614,1.628929175408529,2.613427131470976,0.18015956028074798,0.21272303214355442
615,1.6278366440648977,2.614510495467371,0.18002488261457683,0.21282827730353449
616,1.628398794982277,2.6127616375568588,0.18008942769903158,0.2127012752873107
617,1.6275444324762327,2.612586662328539,0.17999590840528198,0.21267807431667682
618,1.6274904417400602,2.613712042933802,0.17998330133376406,0.2127514583192038
619,1.628212085078235,2.6133128826928,0.1800602190397413,0.21273091351236167
620,1.6275235023717531,2.6123725660606385,0.17999562065616428,0.21265566473524194
621,1.6285967593355013,2.615408253213346,0.1801187850095538,0.21289961928101186
622,1.6280073583298402,2.6124845651506754,0.1800518758804586,0.2126631381607934
623,1.629852071491144,2.612427696117174,0.1802506695276036,0.2126530309748079
624,1.6285830985225869,2.61324785819127,0.18011551108470877,0.21271327319236555
625,1.628516855476967,2.6140132533577307,0.18011088248176146,0.21279865271230072
626,1.62895533793783,2.6139822972123588,0.18014669834288022,0.21278724072183244
627,1.6281058568607047,2.6128198251649737,0.18005278470629182,0.21270235903092052
628,1.6282743149105576,2.614555006220509,0.1800838182363471,0.2128282635421037
629,1.6288563986646118,2.6137182052192536,0.1801446176678574,0.21277797874916887
630,1.6288106637675646,2.613051816354197,0.18014003770036852,0.21270383609974455
631,1.629208182089114,2.6141647184025425,0.1801942865795783,0.21279471317631174
632,1.6294062275150436,2.6137859267107286,0.18021108211119458,0.21276424584946416
633,1.6302406079255225,2.6153720884873475,0.18029657968591087,0.21289588889771904
634,1.628743213175101,2.612453378536832,0.1801258338241929,0.21265204033029092
635,1.6290526433342298,2.6149213611060147,0.18017274829723448,0.21284926401612936
636,1.6282754017093672,2.6126677241604104,0.18007415835750307,0.21267873090102515
637,1.6298353172918776,2.6131788935163343,0.18024913661266045,0.21272078140117773
638,1.62844491384436,2.6147364320813415,0.18010694147889872,0.21284839495156957
639,1.6276082709644326,2.613016932566942,0.18000807490318732,0.21270081396957555
640,1.628710087989453,2.611411197726706,0.18013351397692046,0.212571493480708
641,1.6280522540605695,2.6131934091586015,0.1800623986759741,0.21273038300730396
642,1.6274459588950303,2.6140120558084727,0.17998080628357147,0.21277106462397816
643,1.6286124309428225,2.613737993337873,0.18011671625534298,0.21276666458662866
644,1.6299363917341998,2.6137835004254786,0.18026022424721408,0.21275641517416363
645,1.6290474259521956,2.613281112260564,0.1801685006661075,0.21272228178555536
646,1.6291427435648569,2.61378393693759,0.18018068825845776,0.21276615821776185
647,1.6291837301594356,2.6121383933165783,0.18017534309391595,0.21262585890342517
648,1.6283116536481994,2.6142216731820316,0.1800882966207433,0.2127961134813506
649,1.62920938216273,2.613967742772868,0.18018673512472766,0.2127953106324904
650,1.6286703851137663,2.614242233953299,0.18012943651606372,0.21279792739042006
651,1.6280243146258657,2.612264421504025,0.18004342448509097,0.2126446803863928
652,1.6288801700086524,2.6129307453003974,0.18013180767678047,0.21268632154586903
653,1.6300821067241305,2.614010189692125,0.18028360771266017,0.21278298735543075
654,1.6293003987869927,2.6130588873544127,0.18019563738514738,0.21270549520586118
655,1.6292209652111722,2.610691698113374,0.18018043095366665,0.2125281974556313
656,1.6286326751531752,2.611843084725563,0.18011563706186695,0.21260955612685817
657,1.6286352629143748,2.6117564532873008,0.18012138047792525,0.21260019589647386
658,1.628862526109987,2.6135845526181707,0.18013990406819758,0.2127459392036953
659,1.6291127136544918,2.614816106083605,0.18016546770227945,0.21285111894306136
660,1.6284592680482606,2.6128412131163983,0.18009845700873667,0.2126955478166056
661,1.6282221382593405,2.612235806905716,0.18008275643304986,0.21263636658432916
662,1.6291097698156756,2.6119303404915453,0.18016942403604677,0.2126026568940974
663,1.6280137789596203,2.611722465628204,0.18005167036369635,0.2125975164484988
664,1.6304209327954393,2.612941573617438,0.18031025317131943,0.21270279815443885
665,1.6297309535555988,2.6154166760357684,0.1802382730576929,0.21290398222208562
666,1.6298247323267574,2.614658408984801,0.1802495012112417,0.2128264392344679
667,1.6283120999720935,2.6145143594083815,0.18009161383400885,0.2128159887227914
668,1.628383450298339,2.613914301402026,0.18009518059219584,0.21276589788054182
669,1.6283925869779932,2.6127814920663943,0.18010105039211047,0.2126897464227668
670,1.629150307902096,2.613200406426713,0.18017196601978278,0.21272055601892775
671,1.6297290156604214,2.613209273007433,0.18023679774433352,0.2127282081258609
672,1.628190722839872,2.6144709736683502,0.18006570263418004,0.2128162071673241
673,1.6293453817826218,2.6126921810738524,0.18019622016756176,0.21267824894093182
674,1.628522898343725,2.6150812691835275,0.18010590480380975,0.21286281320769385
675,1.6284542482976292,2.614301231217136,0.1801049566696374,0.21280166538662385
676,1.6277222810894438,2.611851908078171,0.18001007197928198,0.21260625035992747
677,1.6298094595565966,2.612249090683754,0.18024977932975014,0.21263787276616117
678,1.6276543456767363,2.6130449409932606,0.1800080276437299,0.21270848556576188
679,1.629740322205601,2.6138605478335935,0.1802387280716266,0.21278411044225645
680,1.629873125667231,2.6124504169526994,0.18025851375535976,0.21266888596762867
681,1.6296068900269658,2.612492968163366,0.18022422658045445,0.21265780828461703
682,1.6295117522925022,2.611708164927373,0.1802202686378136,0.21261187030698184
683,1.6281453255012701,2.612705960008673,0.18005540584299123,0.21267800581246205
684,1.6280782558917946,2.611540439721362,0.1800513359956144,0.21259158773977807
685,1.6290590871374437,2.614640077496866,0.18016366752957436,0.212838299815884
686,1.6299999072807776,2.613318974453618,0.18026283509032295,0.21272844742705446
687,1.6297612597361673,2.614208225761664,0.1802364438869508,0.21278614547467226
688,1.628544232019,2.6139937943393283,0.18010728959941977,0.21277297133279507
689,1.627931579810459,2.6160658870777804,0.18004530064657914,0.21296275816942095
690,1.627915149565486,2.6127468088539376,0.18003132931324306,0.21267357386726332
691,1.6278122093048901,2.614270795377173,0.18002694451432005,0.21281604558315478
692,1.6281782939399656,2.612334983948576,0.18005813738166196,0.2126400566951275
693,1.6275724227850563,2.612279744985379,0.17999302263894335,0.2126369682061907
694,1.6289061905852262,2.6129161603823556,0.18014686269042118,0.21269741956054314
695,1.628186956380158,2.6133189831747554,0.18006931995067868,0.2127309161589304
696,1.6287503292985435,2.612513926778205,0.18012964325409053,0.2126672171594729
697,1.6279017085511638,2.611347681319893,0.18003890547237686,0.21256434010714592
698,1.6277898732628864,2.61317237937786,0.18002491673564663,0.21271114925317355
699,1.6283584036002825,2.6135402320779826,0.18009120041431617,0.21273282142239497
700,1.6289377838821677,2.6109626223904217,0.18015773316731923,0.21253533794551419
701,1.6282033057668988,2.6131597127564836,0.18007688498093713,0.21271154930057581
702,1.6290314523412588,2.6132403643979574,0.18017135759157904,0.21271270408890516
703,1.6292415515253982,2.6121731011102685,0.18018529701335548,0.21263398695303426
704,1.629099086965358,2.612974251171458,0.18017223145842856,0.21269658262954844
705,1.6285734653665278,2.613497428030211,0.18010759076425584,0.2127418508323017
706,1.6283643684998768,2.612448066438307,0.18009686093352098,0.2126681352092358
707,1.630627455055081,2.614019401715166,0.18034403277547653,0.21277252044322215
708,1.6280142880080484,2.6123323967723318,0.18004209830731913,0.21264439145259353
709,1.6284733095510011,2.614217560404875,0.18010201562168723,0.21280024528285416
710,1.628826645300812,2.6144807534724244,0.1801397692532033,0.2128151687433072
711,1.6293950838548517,2.615065768791832,0.1802057729956275,0.2128784758644563
712,1.6274175520521588,2.6148807063691084,0.17998609011544564,0.21287942191166095
713,1.6286755248592604,2.6121959216927437,0.18012227205930764,0.2126313905439936
714,1.6298385515694471,2.6122191794242045,0.1802538654798435,0.21263944638756171
715,1.6299893810750825,2.6136745441472446,0.18026305451409497,0.21275495548960524
716,1.628367660701806,2.613351787625737,0.1800912381330219,0.2127268179959082
717,1.6290234420798355,2.613432813793146,0.1801625530815566,0.21273591980667933
718,1.628328947091485,2.6136285595928115,0.18008101105885768,0.212746128615603
719,1.6301059387318535,2.612904738775649,0.180281682750392,0.21271118102936262
720,1.6296510126416541,2.6132767331411872,0.18023416060714817,0.21271537638570012
721,1.6283357996563061,2.613306095080987,0.18008877324681552,0.21272332869283703
722,1.627790702664304,2.6160808268539966,0.1800238804667882,0.21295813835243932
723,1.6303554637148687,2.6119435609047494,0.180308048497874,0.21262977718780782
724,1.6287608883738567,2.613783108382126,0.1801275762043854,0.21275793335223628
725,1.627680628024194,2.611340527353953,0.18001124867761145,0.21256604470227095
726,1.6294082819279592,2.615382508680292,0.18020202805162214,0.21290088640183188
727,1.6287283234149583,2.6121894181091223,0.1801242933096012,0.21263241959927048
728,1.6294027425092878,2.6120060641889005,0.1801945962485388,0.2126265156613403
729,1.6285503402821302,2.6110706421437433,0.1801166077701455,0.21255593456301553
730,1.6291209368683224,2.613407402706572,0.1801702499825274,0.21272577458185535
731,1.6292415491208596,2.614003412023155,0.18018760615241802,0.2127786644408158
732,1.6284200215490272,2.612993050374479,0.18009488570408339,0.2127012029150039
733,1.6282148168690675,2.6134360756225643,0.1800699005632937,0.21273735811362188
734,1.6272206102532731,2.6140393229102066,0.17996202293671235,0.21278902866951802
735,1.6293408725178593,2.6143410724368272,0.18019032535656118,0.21279681565197506
736,1.6293399200517293,2.614181904818288,0.18019632633704907,0.2128168327076241
737,1.6285154182093284,2.616281136969929,0.18010836069750075,0.21298275141058517
738,1.6279726488144703,2.6136031423189734,0.1800411651784561,0.21274213500707748
739,1.6285541712328349,2.61438985550857,0.18010102433650238,0.21281021809911121
740,1.6283863390968245,2.6144682465517306,0.18008852555903349,0.2128237722776675
741,1.6300437580409108,2.613207419505354,0.18026387136679428,0.2127080047125004
742,1.6277748917668617,2.6145807667508096,0.18002779380919004,0.21281263970541606
743,1.6290969949494278,2.612315685991133,0.18016560298909842,0.21267072480883983
744,1.630289050098816,2.61375828988091,0.1803040634966999,0.21277360240115378
745,1.6274349857618813,2.614207040700639,0.17998672781079533,0.2128045857561144
746,1.6279220140692643,2.6126681967508065,0.1800252850143824,0.21269180718339106
747,1.62892324888456,2.614565792894789,0.1801523411862475,0.212841917870609
748,1.629550891412964,2.612805948698529,0.1802217845766493,0.2126857176243884
749,1.6291550491944884,2.614608368057302,0.18018422688660826,0.21284442069161166
750,1.6288037210669104,2.6148067895803218,0.18014343878412725,0.21285602372981144
751,1.6289006098983243,2.6146013618151467,0.1801486268972765,0.2128446239473849
752,1.6279708030262832,2.6151534809644215,0.18004725204856684,0.21287432846135612
753,1.6280353100937062,2.6131071948513798,0.18004628395934394,0.21272529314939806
754,1.6288312132451448,2.6146078198128753,0.18014467614073093,0.21283106540412727
755,1.6281154825343385,2.6148794164497033,0.18006921939453976,0.2128598327034716
756,1.6271557660128713,2.614969513800408,0.17995003536401252,0.2128572374608131
757,1.6282231134479195,2.6132008047600905,0.1800734699449917,0.2126968618772915
758,1.6295409796515734,2.612765968700451,0.18021183240632394,0.21268964284205252
759,1.6281115696233497,2.612744167596974,0.18006064623329185,0.2126685040032548
760,1.6283515911360882,2.6129427495589064,0.1800994353956095,0.21269855453161385
761,1.628569340257692,2.6144456581635134,0.18010981421105954,0.2128163061404205
762,1.6282494539502324,2.614432806406163,0.18007481027746208,0.21282668220137568
763,1.629102110542478,2.6141584051391127,0.18016540256722535,0.21279352652204156
764,1.6276251630477274,2.6147456621388434,0.18001252300782344,0.2128580335347533
765,1.628032463977963,2.612952085341922,0.1800425620389017,0.2127087929885242
766,1.628845476691471,2.6146966689535756,0.18014336823107766,0.21281583033662485
767,1.6280486182482266,2.613731112709321,0.18006822953599186,0.21275699219539726
768,1.6270975056119148,2.6131020641296145,0.17994848506940853,0.21269247725731952
769,1.6286946014281687,2.6130557477995318,0.1801302954836929,0.21269494864302918
770,1.6277576760929766,2.615351918956007,0.18001890770890552,0.2128841869389079
771,1.6276975629106127,2.612942969868299,0.18001982873617015,0.21269848665271868
772,1.6283983616591624,2.6146102646499205,0.18008794722564359,0.21282460547145113
773,1.6287836749891946,2.6144307447213366,0.18013450094807426,0.21282000085829594
774,1.630324580573529,2.61296872972495,0.18030138716510477,0.21271070505009881
775,1.6291131846513451,2.6147236993502574,0.18016627268587235,0.21282575084250308
776,1.6295523855335774,2.6123400982374583,0.18021786853900792,0.2126402707919528
777,1.6294469691543247,2.612859927791462,0.1802077887255426,0.21268186694846947
778,1.6294052768892822,2.614348563607777,0.18020331185788505,0.2128191140753056
779,1.6289330033830616,2.6150763581997127,0.18016142748894876,0.21286182520527602
780,1.6285124149443337,2.6140506776338,0.1800959112627094,0.21277668752515946
781,1.62915721502333,2.612802198936561,0.18016995278728465,0.21268383186920212
782,1.6279017661709752,2.61366111558816,0.18003869982010798,0.2127749903114819
783,1.6294723906894593,2.6110974149313684,0.18020816599813275,0.21255479977395236
784,1.6281257255674957,2.613346150252053,0.1800609221515643,0.21272166387102173
785,1.6289280292806652,2.6133254068488196,0.18015166002855038,0.21273322597270375
786,1.6285031472417093,2.6123827414261607,0.18009719958792647,0.21265537288613218
787,1.6291809800503199,2.6139981815489612,0.1801755837673231,0.21277819772657663
788,1.6293672854304,2.6125001325558097,0.18019693036217216,0.21264730262023251
789,1.6275206951582448,2.6141532015174205,0.1799884860095324,0.21279612249098673
790,1.6281544180677188,2.6120553915838904,0.18007289520444542,0.21262862281560446
791,1.6281604608947033,2.6117586178553442,0.1800588020238915,0.21260153287762942
792,1.629121107168483,2.6148286056486567,0.18017615139829934,0.212848917533485
793,1.6287626880816641,2.6118263820914818,0.18013920789831356,0.21261546358987068
794,1.6278772589884367,2.6138503325228695,0.18002929995382774,0.21277411991550088
795,1.629535737224754,2.612385053658147,0.18021921240390418,0.21265834004364223
796,1.6284348437167555,2.6118320196481086,0.1800948606117192,0.21259254627485638
797,1.6285451321145368,2.6125228017426427,0.180105526200994,0.21265603669958805
798,1.6303751600656935,2.6128620508530385,0.18030916366473462,0.21267726394048972
799,1.629793199901111,2.614383770778242,0.18025420595173036,0.2128184440656316
800,1.6292020065670392,2.611822666090105,0.1801905422298921,0.21260623479277663
801,1.6287080433521917,2.6150801383204874,0.18012455983805775,0.21286053518016418
802,1.6292588881439003,2.6137854953340187,0.180188378806152,0.2127613804751387
803,1.6295635119893472,2.6145115814364726,0.18023275168107034,0.21282764504452353
804,1.6291465410353754,2.612845650940222,0.18017778039228535,0.21270576113457176
805,1.6288878480488849,2.612245765480383,0.18014287918191826,0.21264587450976138
806,1.6280752651834698,2.6128249388755798,0.18005426021584564,0.21268765263437794
807,1.6289554063381262,2.6146302723194896,0.18015181837271155,0.2128323519059616
808,1.6278696981720897,2.6138814802959742,0.1800358726450021,0.212750133404126
809,1.6297259881069057,2.6130158648674566,0.18024819447327764,0.21270878605874338
810,1.6304479877649847,2.612687317368931,0.18031183784383,0.2126784311704521
811,1.6295828938013914,2.6146013434119815,0.1802155552005362,0.21282856415276744
812,1.628493169200916,2.6142329164562095,0.18009737319914787,0.21280251990266263
813,1.6292413651562976,2.6140435277818654,0.18018003964998108,0.2127819241308463
814,1.62826202042647,2.612197217479976,0.1800805316998376,0.21263965383373945
815,1.6293723442743653,2.611412643571146,0.1801975393805807,0.21257550416616822
816,1.6275801947594093,2.615664051553704,0.17999649577719457,0.21291240840597142
817,1.6296837593450821,2.61417393658649,0.18023971931928234,0.2128038606086173
818,1.6295709433276537,2.6134291761965946,0.18021717222592556,0.21274397011370969
819,1.6290422962886684,2.6144916679218455,0.18016647279086728,0.21281988587645698
820,1.6275842219684036,2.6129692713420973,0.17999918241158516,0.2126885302717841
821,1.6304025446955028,2.6132552457905143,0.18030809904978998,0.21273260179089062
822,1.6293489238958743,2.613788247817749,0.1801921936392497,0.21276349076293577
823,1.6283095936420993,2.6118523678845302,0.1800922826087995,0.2126129407369765
824,1.6297227275827255,2.611429108185141,0.18024631071517774,0.21258450611179044
825,1.6287416001857964,2.6117791072520844,0.18012962648062159,0.21260522944650437
826,1.628490244116781,2.6136301907085295,0.1800980328586445,0.21275134747014537
827,1.6301120110166785,2.611076995947636,0.18027072222028698,0.21254808581954754
828,1.6282751663935842,2.613338159611982,0.18007714630212235,0.21273003550996536
829,1.6278346896315963,2.6114860629959904,0.18003337648887227,0.2125662791246698
830,1.627412542649144,2.6133643113670026,0.1799791382792699,0.21272228786561942
831,1.6295754913057952,2.612569007140703,0.18021272438960195,0.21268584289727924
832,1.6297205409785136,2.6138222948984757,0.18023131510523044,0.21277183460108692
833,1.628516199319736,2.612547933212374,0.1800961624931106,0.21266777232646406
834,1.6289215907557573,2.6113817411083087,0.180150813551434,0.2125620340285103
835,1.6287326436866825,2.6109898781827603,0.18011829129899617,0.21252790179169936
836,1.6283461332949245,2.6133105442488787,0.18008738479637731,0.2127283077326708
837,1.627277548740232,2.614929230377902,0.17996995040699756,0.21286851801278006
838,1.628718810084997,2.6137963204030275,0.18012470725303154,0.21275884045923074
839,1.6295087880652799,2.613532198173268,0.18021481291443117,0.21274729199109652
840,1.6279046940118254,2.614357318001594,0.180035470483681,0.21282287933591088
841,1.628251657375311,2.6134190895393514,0.18007909835769084,0.21274205986691433
842,1.6301064070702307,2.6139973632126265,0.18027802436862037,0.21277130247348086
843,1.6269332753469214,2.6143057228551356,0.17993001322397445,0.21281372033465523
844,1.62834115005406,2.611426267282443,0.18008313108383978,0.21257846920150283
845,1.6293288042503942,2.6130785997232393,0.1801960870428717,0.21270879552029248
846,1.6308485287849936,2.613937214180464,0.18035866748782706,0.21277612231606516
847,1.6289770289565253,2.6130123743406775,0.18015611195899503,0.21269818178663896
848,1.6282237301261675,2.6142749349830576,0.1800691384700086,0.21279857683246342
849,1.6296883217018554,2.613626038742334,0.18023935745666128,0.21274895424476445
850,1.627910903360748,2.6140362692601578,0.18004311465223158,0.21278835540125823
851,1.627852119225272,2.613229284673148,0.18003328481079742,0.21272832313537232
852,1.627424999894216,2.6120141860557538,0.1799874937795728,0.2126213204007599
853,1.6294232886188535,2.6139204228491444,0.18020481278566752,0.21277358970616528
854,1.6296842792474717,2.6145322124536245,0.18024504766566238,0.21283173882904177
855,1.6286783805635572,2.612914029373784,0.18011881214301245,0.2127065988427753
856,1.6301388274532074,2.6135957282310462,0.1802945859512613,0.21275640305250632
857,1.629666898628169,2.613371152970116,0.18022540893242434,0.21273615942852345
858,1.6300762823936723,2.6131958418709567,0.18028206192071977,0.21271863243691078
859,1.6281346402807058,2.612511253088322,0.18005928934213866,0.21267054984856193
860,1.6279104648767344,2.6131152376426603,0.18003618683381103,0.21271708414864512
861,1.6276637716410802,2.613822149316268,0.17999550655291613,0.21276933109294524
862,1.6288290742730784,2.6131157715697646,0.18013490888870365,0.212721036315928
863,1.6287657987600654,2.6136559585781245,0.18013033371372136,0.21275424108871532
864,1.6270020232921025,2.6132035926361,0.17993670000063924,0.2127293183389182
865,1.6288189532106379,2.6125774128001114,0.18013813692519287,0.21268663521886993
866,1.6296632662893185,2.6140588071077655,0.18024366189091273,0.21279537743255283
867,1.6287610927231673,2.6109239807557247,0.1801365782599677,0.21253349312555975
868,1.6285819883150068,2.614014202858209,0.18011066613651658,0.21279122343618148
869,1.6300264163815308,2.6132493994572803,0.1802769144914125,0.21272870479119158
870,1.6291993125305744,2.615802653786254,0.18018916984353278,0.21292711229800126
871,1.628769047165561,2.6133351798668545,0.1801281541457941,0.2127186314135521
872,1.6300237087286904,2.6126266286941804,0.18027014179063972,0.21266468732036875
873,1.6285794669301596,2.614084535531186,0.18011569103368227,0.21279830501993752
874,1.6300977491087507,2.612262139449748,0.18027032014816988,0.21263849312364175
875,1.6287149061929933,2.613974903154429,0.18011567521434763,0.2127722016809295
876,1.6275183072045467,2.6121456228035034,0.1799997155773093,0.21262540984973075
877,1.627862346511516,2.613511998126497,0.18003309558884345,0.21274906141194966
878,1.6287560019552938,2.6137178175918114,0.180139419738171,0.21276481937750824
879,1.6286687047636315,2.6133581937556025,0.18012042280835222,0.21273848577047036
880,1.628301128394599,2.6152595326274657,0.18007833065516046,0.21289045811040355
881,1.6287160095852806,2.613101547223309,0.18013071985682372,0.21270725046320565
882,1.6272828981299061,2.61438618767037,0.17997254228387718,0.21282205492629716
883,1.6288167711203825,2.6127811376722905,0.18014969253998764,0.21267781206234265
884,1.6290187285435922,2.613158274214705,0.18015518566009675,0.21271443621296304
885,1.6287470445750574,2.614218828028117,0.18013556502948194,0.21279070052208457
886,1.6295541739129882,2.6122907514585605,0.18021704347752462,0.21264259338604055
887,1.6288626489145708,2.6137901228607165,0.18013693623840912,0.2127766075601307
888,1.6284818231843787,2.612922372304502,0.18010162598796148,0.2126946624847733
889,1.6286686879081465,2.613742261159009,0.18012544372527206,0.21275654789613008
890,1.628930604273643,2.612682409004044,0.18014594241854018,0.21267391985740056
891,1.6284473587920247,2.6148864474569518,0.1800923436700136,0.2128480081800994
892,1.6282562331497132,2.6119320078579062,0.1800772966096643,0.212626101089843
893,1.6275633360259298,2.61249218203676,0.18000472968271827,0.212674360402601
894,1.6291361208671975,2.613386707276843,0.18017626203159218,0.21273720821745595
895,1.6289643688513482,2.61364630548762,0.1801572908293554,0.21275251683541097
896,1.6294450320199845,2.6139243625942568,0.1802208700953875,0.21278947964220812
897,1.6290665375499631,2.6138849663801924,0.1801721633723228,0.21278171444640162
898,1.6293582214776274,2.613884484716618,0.18019533161890672,0.21276251411690034
899,1.6268901249025234,2.6124539135080274,0.17992398766029957,0.2126625206882233
900,1.6290947977153283,2.615827798156036,0.18017130478876311,0.21293721747634423
901,1.6284737166103478,2.6136481358366566,0.18009471789376738,0.21275448596514243
902,1.627271795313208,2.6131382657428577,0.17995971978307562,0.21270227712262865
903,1.6278110784487534,2.613137312582817,0.1800320116176164,0.21271481639301007
904,1.6274974316269688,2.6143880532265626,0.17999668211993564,0.21281037440911238
905,1.6280098497939857,2.6156977991098986,0.18005185748203323,0.21291256009675802
906,1.6288716922962647,2.614128129703645,0.18013923267915183,0.21278842807263787
907,1.6282732064586964,2.6155202015231684,0.180081041340962,0.21290251544982136
908,1.6282689332599243,2.613212244252976,0.18007617235331583,0.2127159748106489
909,1.6303110320052174,2.61425552069324,0.18030521437850966,0.21280037538630817
910,1.6279145813569684,2.6159417974523036,0.18002964282116315,0.21294581501469692
911,1.629571265782882,2.6130513993486133,0.1802284669887297,0.21270186474663444
912,1.6290225542975432,2.6129407936739426,0.18016212019648709,0.21269952182063231
913,1.628728560281016,2.615397824789278,0.18012844366895306,0.21290297050349974
914,1.6297337031629526,2.6136163775286794,0.18023811896668027,0.212742633715336
915,1.6288916945393719,2.6144385040747014,0.18014710245863585,0.21280525106157225
916,1.62957290938742,2.614730883086307,0.1802194830209019,0.21283737381290074
917,1.629825627592857,2.613729517173115,0.18024175889388674,0.21277481015740407
918,1.6289233143366064,2.611895232939016,0.1801534349778895,0.21260855951810115
919,1.6289331967581273,2.612851454974827,0.18015053040626608,0.21269933843364316
920,1.629116654783015,2.6126436990021102,0.18016725038849565,0.2126803165118232
921,1.6287350132132292,2.6119638897000055,0.18011961372251242,0.21262827695758976
922,1.628914986943951,2.6135155629665245,0.18014749125138205,0.21275875684877446
923,1.6298615643305825,2.614393471502688,0.18025328178916955,0.21280305380323225
924,1.6276563241150197,2.613276922076724,0.1800113880206897,0.2127167197073035
925,1.628050286975299,2.6138902151985897,0.18005294405100145,0.21276622295697178
926,1.6283416978138472,2.6124264228861263,0.18009010539424927,0.21266008414368098
927,1.6290382306739941,2.6137624588131914,0.18016194320020643,0.21275035604940665
928,1.6293005324921663,2.613770540679235,0.1801961693142846,0.21276537145000135
929,1.6290776206726363,2.612413216717645,0.18015905297132195,0.21265035302389976
930,1.6284446421279122,2.613130476409509,0.18008959861933443,0.21271276029632338
931,1.6288172171899178,2.610072873268109,0.18013890291490892,0.21246324189841384
932,1.6295172554486688,2.61338679647659,0.18021366657443796,0.21273470275546907
933,1.6283323228354099,2.6132002237785126,0.1800833485457166,0.21273323562696567
934,1.627845467852411,2.6140899232003085,0.1800330137973286,0.21278823822766157
935,1.6293210365041662,2.6110299734338795,0.1801975707049407,0.21254608739777311
936,1.6286044177575185,2.61426052672103,0.18012075391790994,0.21280067893734225
937,1.6296336473907187,2.612411514775978,0.1802266395204736,0.21266034982599305
938,1.6276646305641675,2.6153485386109,0.1800105346901968,0.2128909538507218
939,1.6278700901064544,2.6128161286132108,0.18003680313321904,0.21268282299653565
940,1.6295408594890355,2.613697927864956,0.18021151504027783,0.21275934419678655
941,1.6292128311445355,2.6121791587283703,0.18017803226007417,0.21263710189758236
942,1.6285758597811009,2.6143129121885798,0.18010944761689274,0.21280745037885024
943,1.6285601735069652,2.614120449094153,0.18010329417856438,0.21280323262127213
944,1.6282499315714325,2.614333650033371,0.18007551437994346,0.2127930308617128
945,1.6297991314135827,2.6128114811065153,0.1802561321449151,0.21269818006045446
946,1.629889445517027,2.6133802617112694,0.18025779159224936,0.21274821628404944
947,1.6300152561263581,2.6123937220412263,0.18026541918900038,0.21264177320887184
948,1.6285659827446082,2.614995837226731,0.18010452558556006,0.2128580340878163
949,1.627774700751091,2.612490006354923,0.18002403288805752,0.2126754530260567
950,1.62948277477637,2.611663676391675,0.18020639054240786,0.21259107973392496
951,1.6284604608551085,2.615232404667999,0.18009531167185522,0.21288019084107365
952,1.6270140559298887,2.6134704968816123,0.1799329922602516,0.21274111607790155
953,1.6289890743395348,2.6141325874861874,0.1801592894080384,0.2127936459337443
954,1.6296306700318268,2.612557076590089,0.1802317431721938,0.21267246689122934
955,1.6291261274180444,2.6140777964578117,0.1801662982830092,0.21278754492709367
956,1.6292329855278547,2.613801855064557,0.18017667057345438,0.2127720278655893
957,1.6289475939314788,2.61362383367293,0.1801569210774703,0.21274352273035346
958,1.6298225800006663,2.6131473468003246,0.18024946429160918,0.2127106151539362
959,1.628115268414516,2.6135186773951107,0.18005840913567364,0.21274829011518437
960,1.6279933498804777,2.6132364719170083,0.18004903929565158,0.21273281485020912
961,1.6293901082976288,2.6114612575873584,0.18019735752832525,0.21258783467587536
962,1.6294060863312294,2.613434012185254,0.18020261276803573,0.2127268719477732
963,1.6289333320743755,2.613918959072662,0.18015149209941825,0.21277474916391645
964,1.629264231170441,2.6128271472613345,0.18018605814030808,0.2126794509923187
965,1.629416189992282,2.6137308817138094,0.18020089926266344,0.21276044243866055
966,1.630049892515631,2.6130932572539036,0.18026413012116907,0.21271285911873666
967,1.629661208188135,2.612730552429073,0.18022705531957878,0.21267576843097705
968,1.6299140891881458,2.61286416895439,0.18025319997214453,0.2126839667034754
969,1.629390049801773,2.6138322191455288,0.18019770722778794,0.21277389993550455
970,1.6290689557541294,2.6127056434469615,0.18016314078056037,0.21266526385337142
971,1.6287095596068502,2.6137527947047654,0.18011992312802458,0.2127565918380925
972,1.6287803736935267,2.61286338226642,0.18013093757453247,0.21268713676151096
973,1.6279493879597466,2.6142286070644816,0.18004030394442805,0.2128169889183795
974,1.6279266593230688,2.6135182887062216,0.18003743529712316,0.21273848739979537
975,1.6293298420671234,2.613512683926012,0.1801935442306449,0.21274593664677616
976,1.6288502696794558,2.613799708959931,0.18014758319750965,0.2127616195864546
977,1.6286592357141034,2.612318807007735,0.1801112433405058,0.21264205023445862
978,1.6279830876572963,2.612406452773517,0.18004792719281798,0.21264848999131006
979,1.628691572895648,2.614879552688484,0.18013236833213508,0.2128657153837781
980,1.6279302676509986,2.6120922183358197,0.18004351282005093,0.21262792739763936
981,1.6293177039135427,2.6132499462707406,0.18019751409221027,0.21272384262726102
982,1.6289317862024058,2.6124107331236055,0.18015204258629544,0.2126440463376587
983,1.6293406862909618,2.6125072083967815,0.18019786222170217,0.21267014142893462
984,1.6297637601830408,2.6126198840010524,0.1802360175873495,0.21266958949562512
985,1.628385320515404,2.612018988039534,0.1800837724574396,0.2126350018812651
986,1.6268440337132797,2.613325038852709,0.179930638258543,0.2127287084152754
987,1.628150169784714,2.6135058583762545,0.18006453043383533,0.21273608548334294
988,1.6297381373110547,2.6137765679285847,0.18023818948059564,0.21274422179371577
989,1.629214357746904,2.614534756089373,0.18018297925896437,0.21282504772925726
990,1.6299742333403713,2.6116671301794026,0.18026970804427048,0.21259481015304954
991,1.6278084179446242,2.6144683202930192,0.18003039427401174,0.2128127108122077
992,1.6275212674117792,2.6129773002090624,0.17999724118474492,0.21268403698413638
993,1.628266201576327,2.612957771329931,0.18007352216472158,0.21268509153056137
994,1.6290684493207164,2.6132137475509754,0.18015621584195596,0.2127075430509533
995,1.627277983083173,2.613866792254896,0.17997484555795812,0.21277180880687535
996,1.6299700383233748,2.612988996569292,0.18026636290606543,0.21270651082274522
997,1.6279683907528537,2.613718991830053,0.18004501306409915,0.21275893645796
998,1.628600414147265,2.613571706602899,0.18011350369377996,0.21274447096394647
999,1.6283968499156056,2.6132149733526564,0.1800907085012193,0.21273063886232108
